Patient_ID,Gender,Age,Glucose_Level,BMI,ICD10_Code,ICD10_Description,Clinical_Notes,EHR_Summary,MRI_Caption,Image_Path
1001,Male,47,198.8,28.0,E11,Type 2 diabetes mellitus,Patient shows good recovery post cardiac surgery.,The patient underwent cardiac surgery.,MRI scan shows: a ct scan of the brain,/content/drive/MyDrive/mri_images/images/y0.jpg
1002,Female,55,123.6,31.6,E11,Type 2 diabetes mellitus,Diagnosed with type 2 diabetes; currently on insulin therapy.,Diagnosed with type 2 diabetes; currently on insulin therapy,MRI scan shows: the brain is shown in black and white,/content/drive/MyDrive/mri_images/images/y1.jpg
1003,Male,73,118.4,24.1,R53,Malaise and fatigue,Patient experiences frequent headaches and mild dizziness.,The patient experiences frequent headaches and mild dizziness.,a mri mri mri mri mri mri mri mri mri,/content/drive/MyDrive/mri_images/images/y10.jpg
1004,Male,63,170.9,22.1,I25,Chronic ischemic heart disease,Diagnosed with type 2 diabetes; currently on insulin therapy.,Diagnosed with type 2 diabetes; currently on insulin therapy,MRI scan shows: ct scan of the brain,/content/drive/MyDrive/mri_images/images/y100.jpg
1005,Male,39,114.3,28.2,E11,Type 2 diabetes mellitus,Patient reports occasional chest pain and shortness of breath.,The patient has a history of chest pain and shortness of breath.,MRI scan shows: a ct scan of the brain,/content/drive/MyDrive/mri_images/images/y101.jpg
1006,Female,65,191.0,25.8,I10,Essential (primary) hypertension,Diagnosed with type 2 diabetes; currently on insulin therapy.,Diagnosed with type 2 diabetes; currently on insulin therapy,MRI scan shows: ct scan of the brain,/content/drive/MyDrive/mri_images/images/y102.jpg
1007,Male,43,181.6,30.8,Z00,General medical examination,Patient reports occasional chest pain and shortness of breath.,The patient has a history of chest pain and shortness of breath.,MRI scan shows: the brain is shown in black and white,/content/drive/MyDrive/mri_images/images/y103.jpg
1008,Male,60,125.8,19.7,Z00,General medical examination,Patient reports occasional chest pain and shortness of breath.,The patient has a history of chest pain and shortness of breath.,a mri mri mri mri mri mri mri mri mri mri,/content/drive/MyDrive/mri_images/images/y104.jpg
1009,Male,77,167.6,39.4,R53,Malaise and fatigue,Normal health condition; no significant medical issues found.,The patient's medical record was normal.,MRI scan shows: the brain is shown in black and white,/content/drive/MyDrive/mri_images/images/y105.jpg
1010,Female,44,168.1,39.7,E78,Disorders of lipoprotein metabolism and other lipidemias,Patient shows good recovery post cardiac surgery.,The patient underwent cardiac surgery.,MRI scan shows: ct scan of the brain,/content/drive/MyDrive/mri_images/images/y106.jpg
